SeqID,Protein,Description,AA_Start,AA_Stop,Peptide,K004A1,K004A2,K225A1,K225A2,K003B1,K003B2,K237A1,K237A2,K022B1,K022B2,K302A1,K302A2,std_dev
CDIH20270861|ATM|NP_000042.3|Homo_sapiens|Seq_62,NP_000042.3,serine-protein kinase ATM isoform a,1465,1513,LRDVIYTLIHYINQRPSCIMDVSLRSFSLCCDLLSQVCQTAVTYCKDAL,0,0,0,0,0,0,0,0,7.4069,7.2655,7.1654,0,3.29257874367999
CDIH20125208|MCM3|NP_002379.3|Homo_sapiens|Seq_2,NP_002379.3,DNA replication licensing factor MCM3 isoform 1,25,73,GVESSWEPPRDFGGGSSLAAGMAGTVVLDDVELREAQRDYLDFLDDEED,5.5155,5.5807,0,0,5.5893,0,0,5.6723,0,0,0,0,2.75225988879222
CDIH20661458|NA|XP_011527952.1|Homo_sapiens|Seq_5,XP_011527952.1,PREDICTED: chloride intracellular channel protein 6 isoform X1,97,145,QGGEETSGAQQVEGASPGRGAQGEPRGEAQREPEDSAAPERQEEAEQRP,0,0,0,0,0,4.9106,5.1505,5.2876,5.3649,5.5543,5.404,5.2938,2.72343994714071
CDIH20263561|DOCK11|XP_005262425.1|Homo_sapiens|Seq_80,XP_005262425.1,dedicator of cytokinesis protein 11 isoform X1,1897,1945,KRRTILTTSNSFPYVKKRIPINCEQQINLKPIDVATDEIKDKTAELQKL,0,0,0,0,0,0,5.1461,0,5.3287,5.48,5.1737,0,2.6019893537824
CDIH20480382|SLC26A6|NP_075062.2|Homo_sapiens|Seq_11,NP_075062.2,solute carrier family 26 member 6 isoform 1,241,289,SHSGPLSLIYTVLEVCWKLPQSKVGTVVTAAVAGVVLVVVKLLNDKLQQ,0,0,4.7865,4.8372,4.9384,4.9226,4.6921,4.7886,0,0,4.7903,0,2.4839191478296
CDIH20612929|NA|XP_011512207.1|Homo_sapiens|Seq_7,XP_011512207.1,LIM domain-binding protein 2 isoform X22,145,193,HKTYNLSPRDCLKTCLFQKWQRMVAPPAEPTRQPTTKRRKRKNSTSSTS,0,4.6894,4.7157,4.8671,0,4.7012,4.9131,0,0,0,0,0,2.46077816201532
CDIH20141356|S100PBP|NP_073590.2|Homo_sapiens|Seq_12,NP_073590.2,S100P-binding protein,265,313,EMRSLVVSTSSNKQDVLNKDSGKMKGHERRLGKVIPVLQTKTRTNVPTF,0,4.0558,0,0,0,4.125,0,0,4.9773,5.0732,4.5296,4.1936,2.36516666276428
CDIH20423366|SEPTIN9|NP_001106967.1|Homo_sapiens|Seq_7,NP_001106967.1,septin-9 isoform d,145,193,RDAGLKQAPASRNEKAPVDFGYVGIDSILEQMRRKAMKQGFEFNIMVVG,4.1695,0,4.239,4.4624,0,0,4.3227,0,4.7101,4.6635,0,0,2.31728416483738
CDIH20184216|SNX9|NP_057308.1|Homo_sapiens|Seq_6,NP_057308.1,sorting nexin-9,121,169,SSEGWGAQPEGAGAQRNTNTPNNWDTAFGHPQAYQGPATGDDDDWDEDW,4.6301,4.4879,4.4083,4.4333,0,4.4417,0,4.3695,0,0,4.3841,0,2.29272054851013
CDIH20174180|AHDC1|XP_005245905.1|Homo_sapiens|Seq_2,XP_005245905.1,AT-hook DNA-binding motif-containing protein 1 isoform X1,25,73,PKYYPGGPPTPRPLLPTRPPASPPDKAFSTHAFSENPRPPPRRDPSTRR,4.631,4.2805,4.5282,4.4556,0,0,4.064,4.3995,4.2017,0,0,0,2.2527378689692
CDIH20099244|PRKD2|NP_057541.2|Homo_sapiens|Seq_20,NP_057541.2,serine/threonine-protein kinase D2 isoform A,457,505,LVPPGTNPHCFEIVTANATYFVGEMPGGTPGGPSGQGAEAARGWETAIR,4.3091,0,4.3868,4.3871,4.1963,4.1364,4.4236,4.4769,0,0,0,0,2.23198405032587
CDIH20114333|HDAC5|NP_001015053.1|Homo_sapiens|Seq_21,NP_001015053.1,histone deacetylase 5 isoform 3,481,529,SMRTVGKLPRHRPLSRTQSSPLPQSPQALQQLVMQQQHQQFLEKQKQQQ,4.5503,0,4.3757,0,0,0,0,0,4.5069,4.3631,0,0,2.19108320658569
CDIH20321028|IWS1|XP_005263764.1|Homo_sapiens|Seq_33,XP_005263764.1,protein IWS1 homolog isoform X1,769,817,VRPKWNVEMESSRFQATSKKGISRLDKQMRKFTDIRKKSRSAHAVKISI,0,0,0,0,0,0,0,0,4.6129,4.8074,0,5.0957,2.19081923918608
CDIH20264543|NSD3|NP_060248.2|Homo_sapiens|Seq_25,NP_060248.2,histone-lysine N-methyltransferase NSD3 isoform short,577,625,QRRSIRTRSESEKSTEVVPKKKIKKEQVETVPQATVKTGLQKGSADRGV,0,0,0,3.6773,0,0,4.0529,0,4.1656,4.4094,4.2674,4.327,2.1744666465526
CDIH20715199|NA|XP_011542958.1|Homo_sapiens|Seq_14,XP_011542958.1,histone acetyltransferase KAT6A isoform X1,313,361,RKKGRKLLQKKAAQIKRRYTNPIGRPKNRLKKQNTVSKGPFSKVRTGPG,0,0,4.2091,0,0,0,0,0,4.4692,4.458,4.1479,0,2.12931513509519
CDIH20310452|SHKBP1|XP_006723537.1|Homo_sapiens|Seq_26,XP_006723537.1,SH3KBP1-binding protein 1 isoform X1,601,649,GGLTEQELMEQLEHCELAPPAPSAPSWGCLPSPSPRISLTSLHSASSNT,5.4069,5.4138,5.582,5.3446,5.4244,5.5357,5.3077,5.5449,5.4357,0,5.5268,0,2.12389133794052
CDIH20284552|CABYR|XP_005258304.1|Homo_sapiens|Seq_6,XP_005258304.1,calcium-binding tyrosine phosphorylation-regulated protein isoform X3,121,169,GLSSKPATPKTTTPPSSPPPTAVSPEFAYVPADPAQLAAQMLAMATSER,3.9789,4.0257,4.1034,4.2719,0,3.9533,0,0,4.0173,0,0,0,2.12089109765355
CDIH20284539|CABYR|NP_722452.1|Homo_sapiens|Seq_6,NP_722452.1,calcium-binding tyrosine phosphorylation-regulated protein isoform b,121,169,GLSSKPATPKTTTPPSSPPPTAVSPEFAYVPADPAQLAAQMLGKVSSIH,0,4.0694,3.9898,4.3951,3.8874,0,3.8385,0,0,3.9363,0,0,2.103432521319
CDIH20637645|NA|XP_011520921.1|Homo_sapiens|Seq_46,XP_011520921.1,PREDICTED: calpain-15 isoform X1,1081,1129,TRGSLRTQDSVPPLHRSSPVPSPRQVLVILSQLEGNAGFSITHRLAHRK,0,0,0,0,0,0,3.5782,0,4.1015,4.2652,4.3969,3.8419,2.08810908245409
CDIH20344136|MSS51|NP_001019764.1|Homo_sapiens|Seq_1,NP_001019764.1,putative protein MSS51 homolog; mitochondrial,1,49,MAPRSRRRRHKKPPSSVAPIIMAPTTIVTPVPLTPSKPGPSIDTLGFFS,4.1416,4.0896,4.4697,4.589,3.9609,3.6957,4.3728,4.3732,0,0,0,0,2.08695711872065
CDIH20515109|NA|NP_001292317.1|Homo_sapiens|Seq_6,NP_001292317.1,putative uncharacterized protein FLJ35723 isoform a,121,169,REGSSHHLPRQVRPGPVYKPAPARNHRPRGGRGKASPTSFHVSPRAPLA,5.5537,5.5701,5.3129,5.7906,5.574,4.6797,4.2583,5.1236,5.7133,4.1585,0,0,2.08623200014023
CDIH20311383|RUSC1|NP_001098673.1|Homo_sapiens|Seq_25,NP_001098673.1,AP-4 complex accessory subunit RUSC1 isoform a,577,625,GTLYSQVSRLAPLSSSRSRFHAFILGLLNTKQLELWFSSLQEDAGLLSL,0,0,4.4087,4.1854,0,0,4.1021,3.632,0,0,3.7895,3.6685,2.08113715761068
CDIH20242585|NFIC|NP_001231931.1|Homo_sapiens|Seq_20,NP_001231931.1,nuclear factor 1 C-type isoform 1,457,505,ATKPATTSEGGATSPTSPSYSPPDTSPANRSFVGLGPRDPAGIYQAQSW,3.9477,3.7504,0,3.9488,3.9751,0,0,3.7927,4.4152,0,0,0,2.08022791720042
CDIH20064906|DOCK3|XP_005264971.1|Homo_sapiens|Seq_49,XP_005264971.1,dedicator of cytokinesis protein 3 isoform X1,1153,1201,DESYRELFSLLTQLFGPYPSLLEKVEQETWRETGISFVTSVTRLMERLL,0,0,0,0,7.1888,0,0,0,0,0,0,0,2.07522780757519
CDIH20515170|NA|NP_001297082.1|Homo_sapiens|Seq_16,NP_001297082.1,putative golgin subfamily A member 6-like protein 3,361,409,ERERLLDEVEELLDEVEELLEQERLRQQDERLWQQETLQELERLRELER,0,0,5.1683,5.4186,0,0,0,0,0,0,0,0,2.06116354053562
CDIH20071221|TRPM7|NP_060142.3|Homo_sapiens|Seq_59,NP_060142.3,transient receptor potential cation channel subfamily M member 7 isoform a,1393,1441,HLSSPPTKFFVSTPSQPSCKSHLETGTKDQETVCSKATEGDNTEFGAFV,0,0,0,0,0,0,3.5844,0,4.0882,4.3043,3.8357,4.0866,2.05609990663406
CDIH20472114|MUC19|NP_775871.2|Homo_sapiens|Seq_220,NP_775871.2,mucin-19 precursor,5257,5305,AEATGTTGPSAGVTGTTGLSAGVTGTTGLSAGVTGTIRSSAVVTETTGL,4.2133,4.0672,4.1725,4.0646,0,0,0,0,0,0,0,0,2.03355524606239
CDIH20331965|TAGAP|NP_473455.2|Homo_sapiens|Seq_23,NP_473455.2,T-cell activation Rho GTPase-activating protein isoform b,529,577,GKSQDFTRDHVPRGVRKESQLAGRIVQENGCETHNQTARGFCLRPHALS,0,0,0,0,0,4.2218,4.5295,0,4.5054,0,0,0,1.99985423883615
CDIH20180793|PALLD|XP_011530070.1|Homo_sapiens|Seq_61,XP_011530070.1,palladin isoform X1,1420,1468,STKPKKVRPSASRYAALSDQGLDIKAAFQPEANPSHLTLNTALVESEDL,0,0,0,0,0,0,0,0,5.2283,4.9758,0,0,1.98669975608629
CDIH20377704|RASGRP1|NP_001122074.1|Homo_sapiens|Seq_19,NP_001122074.1,RAS guanyl-releasing protein 1 isoform b,433,481,REPRNHRAPSVFKNYDHDQDGYISQEEFEKIAASFPFSFCVMDKDREGL,0,0,0,0,0,0,5.1028,5.0926,0,0,0,0,1.98427822546653
CDIH20236847|SH3GL3|NP_001288038.1|Homo_sapiens|Seq_4,NP_001288038.1,endophilin-A3 isoform c,73,121,RAKLGMLNTVSKIRGQVKTTGYPQTEGLLGDCMLKYGKELGEDSTFGNA,0,0,0,0,0,0,0,0,4.0673,3.9817,3.8717,4.1554,1.97984216456537
CDIH20340327|BTNL9|NP_689760.2|Homo_sapiens|Seq_14,NP_689760.2,butyrophilin-like protein 9 isoform a precursor,313,361,RAEGQAEWRAAQKYAVDVTLDPASAHPSLEVSEDGKSVSSRGAPPGPAP,0,0,5.1491,4.984,0,0,0,0,0,0,0,0,1.97246601174773
CDIH20659109|NA|XP_011527394.1|Homo_sapiens|Seq_13,XP_011527394.1,PREDICTED: helicase with zinc finger domain 2 isoform X1,289,337,EEMERWHTGNRHVVPGVERTAEQTALMAKYKGPALALEFNRSSVASGPI,0,0,0,0,0,3.8285,0,3.4991,3.9701,3.9924,3.6648,3.5115,1.9610262165045
CDIH20315139|CLPB|NP_001245322.1|Homo_sapiens|Seq_23,NP_001245322.1,caseinolytic peptidase B protein homolog isoform 3,529,577,AKRAKQRHNITLLWDREVADVLVDGYNVHYGARSIKHEVERRVVNQLAA,0,0,3.2481,0,0,3.3582,3.7295,3.5193,4.5578,4.6914,3.8776,4.1113,1.96047437023891
CDIH20030497|RIMBP2|XP_011536408.1|Homo_sapiens|Seq_44,XP_011536408.1,RIMS-binding protein 2 isoform X4,1033,1081,RRHSVSTRRMVALYDYDPRESSPNVDVEAELTFCTGDIITVFGEIDEDG,0,0,0,0,0,3.5019,3.5438,3.5618,4.1037,3.8299,3.8947,4.0371,1.95593248216106
CDIH20199964|AGAP3|NP_114152.3|Homo_sapiens|Seq_16,NP_114152.3,arf-GAP with GTPase; ANK repeat and PH domain-containing protein 3 isoform a,361,409,PTPIRKQSKRRSNIFTSRKGADLDREKKAAECKVDSIGSGRAIPIKQGI,4.7095,0,4.8812,0,4.7283,5.1448,4.9663,4.8168,5.2414,5.3145,5.1128,5.0311,1.95346920776393
CDIH20333186|SUN1|NP_001165416.1|Homo_sapiens|Seq_3,NP_001165416.1,SUN domain-containing protein 1 isoform d,49,97,SYSSDALDFETEHKLDPVFDSPRMSRRSLRLATTACTLGDGEAVGADSG,4.9605,0,0,0,0,0,5.0361,0,0,0,0,0,1.94565239888134
CDIH20192965|TRIM5|NP_149084.2|Homo_sapiens|Seq_7,NP_149084.2,tripartite motif-containing protein 5 isoform delta,145,193,ALEMLRQKQQEAEELEADIREEKASWKTQIQYDKTNVLADFEQLRDILD,0,0,0,0,0,0,0,0,4.965,5.0225,0,0,1.94385320782219
CDIH20017539|ZCCHC8|NP_060082.2|Homo_sapiens|Seq_2,NP_060082.2,zinc finger CCHC domain-containing protein 8 isoform 1,25,73,KPVHTRFKDDDGDEEDENGVGDAELRERLRQCEETIEQLRAENQELKRK,0,0,0,0,0,0,0,0,4.0586,4.4411,0,4.3772,1.94323075742201
CDIH20332248|LMTK2|NP_055731.2|Homo_sapiens|Seq_40,NP_055731.2,serine/threonine-protein kinase LMTK2 precursor,937,985,HRRLEKNLEAVETLNQLNSKDAAKEAGLVSALSSDSTSQDSLLEDSLSA,0,0,3.609,3.9001,3.7765,3.6608,0,3.8676,0,0,0,0,1.93907624039402
CDIH20048423|SART3|NP_055521.1|Homo_sapiens|Seq_24,NP_055521.1,squamous cell carcinoma antigen recognized by T-cells 3 isoform 1,553,601,ERTEGSLEDWDIAVQKTETRLARVNEQRMKAAEKEAALVQQEEEKAEQR,0,0,3.4645,0,0,0,4.0766,3.6945,3.8057,3.8841,3.8145,3.5271,1.93848380152837
CDIH20044563|IRAG1|NP_001092049.2|Homo_sapiens|Seq_8,NP_001092049.2,inositol 1;4;5-triphosphate receptor associated 1 isoform a,169,217,RGRKSRSSPGDSPSAVSPNLSPSASPTSSRSNSLTVPTPPGLDVCSGPP,0,0,0,4.2457,4.4141,0,0,4.1926,0,0,0,0,1.93819956864065
CDIH20709819|NA|XP_011541684.1|Homo_sapiens|Seq_12,XP_011541684.1,PREDICTED: microtubule-associated serine/threonine-protein kinase 4 isoform X2,265,313,TSNRKSLIGNGQSPALPRPHSPLSAHAGNSPQDSPRNFSPSASAHFSFA,0,0,0,0,0,0,0,0,3.8206,4.4817,3.668,3.6629,1.93501862351072
CDIH20415144|SLC8A1|NP_001106272.1|Homo_sapiens|Seq_27,NP_001106272.1,sodium/calcium exchanger 1 isoform C precursor,625,673,VLEEPKWIRRGMKGGFTITGQPVFRKVHAREHPILSTVITIADEYDDKQ,0,0,0,0,0,0,0,0,3.7678,4.0308,3.7889,4.1044,1.93357615570844
CDIH20688490|NA|XP_011534896.1|Homo_sapiens|Seq_33,XP_011534896.1,PREDICTED: apoptosis-stimulating of p53 protein 1 isoform X3,769,817,APRPLKKRSSITEPEGPGGPNIQKLLYQRFNTLAGGMEGTPFYQPSPSQ,0,0,0,0,0,0,3.9276,0,3.9288,3.8997,3.9243,0,1.93013713832134
CDIH20077043|SPECC1L|NP_056145.4|Homo_sapiens|Seq_38,NP_056145.4,cytospin-A isoform 1,889,937,SGPISTSKPLTALSDKRPNYGEIPVQEHLLRTSSASRPASLPRVPAMES,0,0,0,0,0,0,0,0,3.6016,4.0155,3.9983,4.0241,1.92808705219275
CDIH20640553|NA|XP_011521922.1|Homo_sapiens|Seq_41,XP_011521922.1,PREDICTED: F-box/WD repeat-containing protein 10 isoform X4,961,1009,SSIERAVCSTGPLTSMQVIKPNRMLAPQVGTATLSLKKERPRIYTALDP,0,0,0,0,0,0,0,0,3.991,3.8527,3.9179,3.751,1.91020996315414
CDIH20341747|CEP295|XP_011541349.1|Homo_sapiens|Seq_52,XP_011541349.1,centrosomal protein of 295 kDa isoform X1,1225,1273,DESERFQECISIKSDSTIPLSHPKIPRCQERLLRVSQHMLPLQDNLEEH,0,0,0,0,0,0,0,0,4.7572,4.9765,0,0,1.8949956692003
CDIH20314124|LARP4|NP_001164274.1|Homo_sapiens|Seq_24,NP_001164274.1,la-related protein 4 isoform d,534,582,YSGFRGNIIPRGAAGKIREQRRQFSHRAIPQGVTRRNGKEQYVPPRSPK,0,0,3.5641,3.5511,0,0,0,0,3.9277,4.2643,0,0,1.89252927154017
CDIH20232985|RBM26|NP_001273561.1|Homo_sapiens|Seq_36,NP_001273561.1,RNA-binding protein 26 isoform 2,841,889,GAVHGRGRGRGRGRGVPGHAVVDHRPRALEISAFTESDREDLLPHFAQY,3.5963,3.5328,0,3.488,4.0145,3.5781,0,3.268,0,0,0,0,1.87660382192665
CDIH20433411|ZNF397|XP_006722621.1|Homo_sapiens|Seq_6,XP_006722621.1,zinc finger protein 397 isoform X1,121,169,AVTLLEDLEREFDDPGQQVGTEKSDVGKGIYSLEHVMVPASPQGPAVPW,3.8235,3.9868,3.4756,3.4721,3.4634,3.6397,3.5467,0,0,0,0,0,1.87505826325639
CDIH20209604|MICAL1|NP_001273542.1|Homo_sapiens|Seq_34,NP_001273542.1,[F-actin]-monooxygenase MICAL1 isoform 3,793,841,SENSMPPGLSTPTASQEGAGPVPDPSQPTRRQIRLSSPERQRLSSLNLT,3.4016,0,3.2505,3.7763,3.5487,3.5255,3.8023,4.0317,0,0,0,0,1.87413766004205
CDIH20371057|CHD7|NP_060250.2|Homo_sapiens|Seq_70,NP_060250.2,chromodomain-helicase-DNA-binding protein 7 isoform 1,1657,1705,DENIKSFIWDLITPTADGQTRALVNHSGLSAPVPRGRKGKKVKAQSTQP,0,0,0,0,0,0,0,0,4.7632,4.8596,0,0,1.87294767873337
CDIH20113883|MLX|NP_733752.1|Homo_sapiens|Seq_6,NP_733752.1,max-like protein X isoform gamma,121,169,AYKESYKDRRRRAHTQAEQKRRDAIKRGYDDLQTIVPTCQQQDFSIGSQ,0,0,0,0,0,0,0,4.2199,4.2816,3.8717,0,0,1.86770907166069
CDIH20436423|EXD3|NP_060290.3|Homo_sapiens|Seq_24,NP_060290.3,exonuclease mut-7 homolog isoform a,553,601,AADAYCLLEVHQALCREPARFHLSEDLAGSRRPRHRERPGARKPPGLQK,0,0,3.617,3.2908,3.3456,3.2598,0,0,4.0412,3.7238,0,0,1.86350655087432
CDIH20304795|FGF17|NP_003858.1|Homo_sapiens|Seq_6,NP_003858.1,fibroblast growth factor 17 isoform 1 precursor,121,169,SGKSKDCVFTEIVLENNYTAFQNARHEGWFMAFTRQGRPRQASRSRQNQ,0,0,3.1488,0,0,0,3.0414,0,4.213,4.4844,2.9838,2.7784,1.86138552395464
CDIH20159469|LAX1|XP_006711460.1|Homo_sapiens|Seq_3,XP_006711460.1,lymphocyte transmembrane adapter 1 isoform X1,49,97,LLVVAVFCILWNWNKRKKRQVPYLRVTVMPLLTLPQTRQRAKNIYDILP,0,0,4.5705,0,0,0,4.9312,0,0,0,0,0,1.85086413354231
CDIH20635705|NA|XP_011520206.1|Homo_sapiens|Seq_14,XP_011520206.1,PREDICTED: putative golgin subfamily A member 6-like protein 10 isoform X2,313,361,ERERLLDEVEELLEQERLRQQDERLWQQETLRELERLRELERLRELERM,0,0,4.6781,4.7406,0,0,0,0,0,0,0,0,1.83316043113741
CDIH20377436|BANP|NP_001167014.1|Homo_sapiens|Seq_12,NP_001167014.1,protein BANP isoform g,265,313,QAVSNLSGQGKHGKKQLDPLTIYGIRCHLFYKFGITESDWYRIKQSIDS,0,0,0,0,0,0,0,0,0,6.3379,0,0,1.82959413554846
CDIH20731277|NA|XP_011547681.1|Homo_sapiens|Seq_6,XP_011547681.1,PREDICTED: putative neutral ceramidase C,121,169,AKELYASASQEVTGPLASAHQWVDMTDVTVWLNSTHASKTCKPALGYSF,3.5419,3.7275,3.9899,0,0,3.558,0,0,0,0,0,0,1.82711760736313
CDIH20274181|DLG2|NP_001287912.1|Homo_sapiens|Seq_26,NP_001287912.1,disks large homolog 2 isoform 6,601,649,RVERKERARLKTVKFNAKPGVIDSKGDIPGLGDDGYGTKTLRGQEDLIL,0,0,0,0,0,0,0,0,3.7666,3.6478,3.6179,3.8049,1.8269441989455
CDIH20022647|ANO2|NP_001265525.1|Homo_sapiens|Seq_6,NP_001265525.1,anoctamin-2 isoform 1,121,169,HSLAIVSNGETGKEPHAGGPGDIELGPLDALEEERKEQREEFEHNLMEA,3.7543,3.9399,4.2579,3.8549,3.954,3.7853,4.3358,4.1816,0,0,0,3.7511,1.80992697408353
CDIH20507109|GOLGA8T|NP_001269422.1|Homo_sapiens|Seq_19,NP_001269422.1,golgin subfamily A member 8K,433,481,SEGEEAPQPMPSVPEDLESREAMSSFMDHLKEKADLSELVKKELCFIHH,3.9833,3.8222,3.6233,3.7371,3.3328,0,3.4162,3.8311,0,0,0,3.4076,1.80427408890079
CDIH20023088|HDAC9|NP_055522.1|Homo_sapiens|Seq_18,NP_055522.1,histone deacetylase 9 isoform 3,409,457,KLLVAGGVPLHPQSPLATKERISPGIRGTHKLPRHRPLNRTQSAPLPQS,0,0,4.025,0,0,0,0,0,3.9653,0,3.9082,0,1.7939392360533
CDIH20431591|GOLGA8R|NP_001269413.1|Homo_sapiens|Seq_19,NP_001269413.1,golgin subfamily A member 8R,433,481,SEGEEAPQPMPSVPEDPESREAMSSFMDHLKEKADLSELLKKQELRFIQ,3.8952,3.3971,3.4105,4.0988,3.4372,3.657,3.5226,3.5199,0,0,0,0,1.79254792867329
CDIH20313882|FAM171A2|NP_940877.2|Homo_sapiens|Seq_32,NP_940877.2,protein FAM171A2 precursor,745,793,EDNSLTPLLDEVAAPEGRAATVPRGRGRSRGDSSRSSASELRRDSLTSP,4.6361,4.5277,4.5724,4.82,4.763,4.7983,4.2948,4.6921,4.173,4.0283,0,0,1.78106928512315
CDIH20176676|CHTF18|XP_005255528.1|Homo_sapiens|Seq_16,XP_005255528.1,chromosome transmission fidelity protein 18 homolog isoform X3,361,409,RVSKEATAPGKWKSHEQVLEEMLEAGLDPSQRPKQKVALLCGPPGLGKT,0,0,0,0,0,0,0,0,3.8248,3.8199,3.5229,3.2501,1.78050552991151
CDIH20583845|NA|XP_006725248.1|Homo_sapiens|Seq_6,XP_006725248.1,PREDICTED: nuclear pore complex-interacting protein family member A5 isoform X3,121,169,IRKMKVTTKVNCHDKINGKRKTAKEHLRKLSMKEREHGEKERQVSEAEE,0,0,2.9166,0,0,0,3.2272,0,3.5912,3.5089,3.6311,3.4564,1.7790423383144
CDIH20671711|NA|XP_011530453.1|Homo_sapiens|Seq_19,XP_011530453.1,PREDICTED: cilia- and flagella-associated protein 97 isoform X1,433,481,QRIERENLALLKRLEAVKPTVGMKRSEQLMDYHRNMGYLNSSPLSRRAR,0,0,0,0,0,0,0,0,3.9265,4.0082,0,3.8614,1.77860555311193
CDIH20463684|ALPK2|NP_443179.3|Homo_sapiens|Seq_21,NP_443179.3,alpha-protein kinase 2,481,529,SDNLLNMDESVRETEMKLLSGESENSGMSQCWETAADKRVGGKDLWSKR,0,3.0122,0,0,0,0,0,0,3.178,3.4943,3.7235,3.6238,1.76341678713556
CDIH20132627|UBE3A|NP_000453.2|Homo_sapiens|Seq_16,NP_000453.2,ubiquitin-protein ligase E3A isoform 2,361,409,LVNDDDAIVAASKCLKMVYYANVVGGEVDTNHNEEDDEEPIPESSELTL,3.3323,0,3.3069,0,3.7074,3.4515,0,3.2679,0,0,0,0,1.76083533860977
CDIH20354016|RAB3IL1|XP_011543498.1|Homo_sapiens|Seq_8,XP_011543498.1,guanine nucleotide exchange factor for Rab-3A isoform X1,169,217,AHKMVREANMKQAASEKQLKEARGKIDMLQAEVTALKTLVITSTPASPN,0,0,0,0,0,0,0,0,3.374,3.7322,3.8458,3.2987,1.75968113405827
CDIH20096571|TRPS1|NP_054831.2|Homo_sapiens|Seq_27,NP_054831.2,zinc finger transcription factor Trps1 isoform 1,625,673,VKHQCHQCSFTTPDVDVLLFHYESVHESQASDVKQEANHLQGSDGQQSV,0,0,0,0,0,0,4.688,4.3364,0,0,0,0,1.75797040379128
CDIH20532678|NA|XP_005256756.1|Homo_sapiens|Seq_7,XP_005256756.1,PREDICTED: alpha-2-antiplasmin isoform X1,145,193,PLSVALALSHLALGAQNHTLQRLQQVLHAGSGPCLPHLLSRLCQDLGPG,3.1819,3.4263,3.4699,3.5675,0,0,0,0,0,3.3807,0,0,1.75557569964868
CDIH20242250|P3H4|NP_006446.1|Homo_sapiens|Seq_17,NP_006446.1,endoplasmic reticulum protein SC65 precursor,385,433,LEETEPPLEPEDALSDAEFEGEGDYEEGMYADWWQEPDAKGDEAEAEPE,4.6986,4.686,4.5603,4.4755,4.4665,4.6073,4.5897,4.4838,0,0,4.2438,4.0174,1.75521741645163
CDIH20717018|NA|XP_011543409.1|Homo_sapiens|Seq_71,XP_011543409.1,synaptotagmin-like protein 2 isoform X5,1681,1729,EAISVSRNRQPIPLLMNKENSTKTSKVELTLASPYMKQEKEEEKEGFSE,0,0,0,0,0,0,0,3.9712,3.7734,3.886,0,0,1.7538892272647
CDIH20274685|FREM2|NP_997244.4|Homo_sapiens|Seq_127,NP_997244.4,FRAS1-related extracellular matrix protein 2 precursor,3025,3073,RGIGKRSVEYHSLVSQGKPQSTTKSRKKREIRSTPSLAWEIGAENSRGT,3.2839,3.1514,3.8582,3.8557,3.3796,3.4502,3.4799,3.8067,0,0,0,0,1.75330901146859
CDIH20048544|KIFAP3|NP_055785.2|Homo_sapiens|Seq_1,NP_055785.2,kinesin-associated protein 3 isoform 1,1,49,MQGEDARYLKRKVKGGNIDVHPSEKALIVHYEVEATILGEMGDPMLGER,0,0,2.8541,2.8517,0,0,0,0,4.2625,4.1018,2.5899,2.5558,1.75138553039033
CDIH20630053|NA|XP_011517933.1|Homo_sapiens|Seq_34,XP_011517933.1,PREDICTED: supervillin isoform X2,793,841,LSQPVSKAISTRNRIDTRQRRMNARYQTQPVTLGEVEQVQSGKLIPFSP,0,0,0,2.9734,0,0,2.9598,0,3.526,3.252,3.5267,3.6551,1.74328456316857
CDIH20565068|NA|XP_006712553.1|Homo_sapiens|Seq_55,XP_006712553.1,PREDICTED: nck-associated protein 5 isoform X1,1297,1345,VRTQIITNTAERGNSLTRQNSSTESSPNKAPSAPMLESLPSVGRPSGHP,0,0,0,0,0,0,0,0,3.712,3.5675,3.4622,3.4092,1.74325043392474
CDIH20379971|RXFP4|NP_871001.1|Homo_sapiens|Seq_1,NP_871001.1,relaxin-3 receptor 2,1,49,MPTLNTSASPPTFFWANASGGSVLSADDAPMPVKFLALRLMVALAYGLV,3.4147,3.4644,0,0,3.6071,3.4392,3.3429,3.8638,0,0,3.4327,3.5338,1.73421022763573
CDIH20643420|NA|XP_011523160.1|Homo_sapiens|Seq_20,XP_011523160.1,PREDICTED: glycylpeptide N-tetradecanoyltransferase 1 isoform X1,457,505,GKRQWSHGEHSSRDAASHGLEALSPPHLFCLGRVPAVFRQKLKTWREQG,0,0,0,0,0,0,0,0,3.6488,4.0929,3.6462,0,1.72028866735067
CDIH20624862|NA|XP_011516255.1|Homo_sapiens|Seq_8,XP_011516255.1,PREDICTED: spermatogenesis associated 6-like protein isoform X4,169,217,SEHHLRRSRRKSKFSDFPFPTRRASSLDSLAANVKVIKEPDERIVLRSD,0,0,3.1357,0,0,3.3164,3.0689,0,3.5994,3.3758,3.1818,0,1.71772014777163
CDIH20572849|NA|XP_006717581.1|Homo_sapiens|Seq_25,XP_006717581.1,PREDICTED: serine/threonine-protein kinase greatwall isoform X1,577,625,SIMESPLESQPLDSDRSIKESSFEESNIEDPLIVTPDCQEKTSPKGVEN,0,0,0,0,0,0,0,0,4.3525,4.4606,0,0,1.71540209022152
CDIH20301759|AGAP1|XP_006712302.2|Homo_sapiens|Seq_25,XP_006712302.2,arf-GAP with GTPase; ANK repeat and PH domain-containing protein 1 isoform X1,577,625,RKQSKRRSNLFTSRKGSDPDKEKKGLESRADSIGSGRAIPIKQGMLLKR,0,0,0,0,0,0,0,0,4.1314,4.6306,0,0,1.70861991056755
CDIH20704740|NA|XP_011540342.1|Homo_sapiens|Seq_10,XP_011540342.1,PREDICTED: T-cell acute lymphocytic leukemia protein 1 isoform X2,217,265,HPPDKKLSKNEILRLAMKYINFLAKLLNDQEEEGTQRAKTAAAAPWMGQ,3.1387,0,3.109,0,3.4137,3.4904,3.2684,0,0,0,0,0,1.69403811350276
CDIH20211738|EPC2|NP_056445.3|Homo_sapiens|Seq_31,NP_056445.3,enhancer of polycomb homolog 2,721,769,PMNNSCLTNAVHLNNVSVVSPVNVHINTRTSAPSPTALKLATVAASMDR,3.4192,3.2656,3.3011,3.3215,3.5674,3.4898,3.6355,3.4368,0,0,0,0,1.69185857858281
CDIH20730940|NA|XP_011547610.1|Homo_sapiens|Seq_8,XP_011547610.1,PREDICTED: myomegalin-like isoform X1,169,217,LRERLQHVLSNGDQGKGRKAEILCFCPRLGSLKRAHSFLGQSFTGLKHI,0,0,0,0,0,0,0,0,3.5983,3.5424,3.3144,3.2427,1.68848778219034
CDIH20717697|NA|XP_011543590.1|Homo_sapiens|Seq_25,XP_011543590.1,PREDICTED: caseinolytic peptidase B protein homolog isoform X1,577,625,KQRHNITLLWDREVADVLVDGYNVHYGARSIKHEVERRVVNQLAAAYEQ,0,0,0,0,0,0,0,0,3.1764,3.5406,3.5632,3.4143,1.68821924817964
CDIH20340622|ZFYVE1|NP_001268663.1|Homo_sapiens|Seq_4,NP_001268663.1,zinc finger FYVE domain-containing protein 1 isoform 3,73,121,LCKGLSGHLPGVRQRAIVRCQTCKINLCLECQKRTHSGGNKRRHPVTVY,0,0,0,0,0,0,0,0,3.776,3.8204,0,3.5889,1.68706102786545
CDIH20280454|SPEF2|XP_011512442.1|Homo_sapiens|Seq_39,XP_011512442.1,sperm flagellar protein 2 isoform X6,913,961,RKGSPKGKSSGGKVPVKKSPADSTDTSPVAIVPQPPKPGSEEWVYVNEP,2.5221,0,0,0,0,0,0,0,3.2127,3.2969,3.7971,3.3263,1.68645085660461
CDIH20392633|DOK7|XP_011511737.1|Homo_sapiens|Seq_16,XP_011511737.1,protein Dok-7 isoform X1,361,409,DVWRATDELGSLLSLPAAGAPEPSLCTCLPGTVEYQVPTSLRAHYDTPR,0,0,0,0,0,0,0,0,3.6406,3.5571,3.0173,3.42,1.68454631901562
CDIH20078073|DDX17|NP_001091974.1|Homo_sapiens|Seq_20,NP_001091974.1,probable ATP-dependent RNA helicase DDX17 isoform 3,457,505,RDWVLNEFRSGKAPILIATDVASRGLDVEDVKFVINYDYPNSSEDYVHR,0,0,0,3.8453,0,0,3.6394,3.6822,0,0,0,0,1.68411086124238
CDIH20318349|VANGL2|XP_005245414.1|Homo_sapiens|Seq_15,XP_005245414.1,vang-like protein 2 isoform X1,337,385,SHNEYYYEEAEHERRVRKRRARLVVAVEEAFTHIKRLQEEEQKNPREVM,0,0,3.3929,3.5318,3.2991,0,0,3.2543,0,3.0262,3.3028,2.9722,1.6819599595953
CDIH20647007|NA|XP_011524496.1|Homo_sapiens|Seq_20,XP_011524496.1,PREDICTED: FH1/FH2 domain-containing protein 3 isoform X6,457,505,LSTKEKEAESQKENSSSDSFSLSTYSASEPYHFRSFSSNRYSNFGNNSY,4.1369,0,4.6868,4.4716,0,4.3365,4.263,4.0308,4.4341,4.1773,4.3045,4.0313,1.67926089495746
CDIH20246512|POGK|XP_011508117.1|Homo_sapiens|Seq_19,XP_011508117.1,pogo transposable element with KRAB domain isoform X2,433,481,EVVWRRRTGAVPKQRGMLILNGFRGHATDSVKNSMESMNTDMVIIPGGL,0,0,0,0,0,0,2.7469,0,3.1554,3.5159,3.4926,3.2744,1.67748332728923
CDIH20151580|YLPM1|NP_062535.2|Homo_sapiens|Seq_53,NP_062535.2,YLP motif-containing protein 1 isoform 1,1249,1297,SAPPSRSHDGDRRGPWWDDWERDQDMDEDYNREMERDMDRDVDRISRPM,3.2517,0,3.4415,3.2056,3.1086,3.1854,0,0,0,0,0,0,1.66932074645511
CDIH20184494|ACTN4|XP_006723469.1|Homo_sapiens|Seq_5,XP_006723469.1,alpha-actinin-4 isoform X1,97,145,PKPERGKMRVHKINNVNKALDFIASKGVKLVSIGAEEIVDGNAKMTLGM,0,0,0,0,0,0,0,0,3.3006,3.414,3.4109,3.4053,1.6657726628332
CDIH20234365|SLC12A6|NP_005126.1|Homo_sapiens|Seq_43,NP_005126.1,solute carrier family 12 member 6 isoform b,1009,1057,QKAKSMEGFQDLLNMRPDQSNVRRMHTAVKLNEVIVNKSHEAKLVLLNM,2.5193,0,0,0,0,2.6828,2.7691,0,3.5507,3.7063,3.512,3.3551,1.6641582590416
CDIH20490113|EID3|NP_001008395.1|Homo_sapiens|Seq_9,NP_001008395.1,EP300-interacting inhibitor of differentiation 3,193,241,RKMEENGNMPTKLQKLDLSSYPEATEKNVERILGLLQTYFRKYPDTPVS,0,0,0,0,0,2.9953,3.4406,3.5853,0,0,3.4366,0,1.66191148699504
